-- phpMyAdmin SQL Dump
-- version 3.5.2.2
-- http://www.phpmyadmin.net
--
-- Host: 127.0.0.1
-- Generation Time: Jul 14, 2013 at 04:49 AM
-- Server version: 5.5.27
-- PHP Version: 5.4.7

SET SQL_MODE="NO_AUTO_VALUE_ON_ZERO";
SET time_zone = "+00:00";


/*!40101 SET @OLD_CHARACTER_SET_CLIENT=@@CHARACTER_SET_CLIENT */;
/*!40101 SET @OLD_CHARACTER_SET_RESULTS=@@CHARACTER_SET_RESULTS */;
/*!40101 SET @OLD_COLLATION_CONNECTION=@@COLLATION_CONNECTION */;
/*!40101 SET NAMES utf8 */;

--
-- Database: `soccerscore`
--

-- --------------------------------------------------------

--
-- Table structure for table `dom`
--

CREATE TABLE IF NOT EXISTS `dom` (
  `id_dom` int(10) NOT NULL AUTO_INCREMENT,
  `id_team` int(4) DEFAULT NULL,
  `competition` tinytext,
  `extratime` int(1) DEFAULT NULL,
  `date` date DEFAULT NULL,
  `score1` int(2) DEFAULT NULL,
  `score2` int(2) DEFAULT NULL,
  `status_tanding` int(1) DEFAULT NULL,
  `time` time DEFAULT NULL,
  PRIMARY KEY (`id_dom`),
  KEY `id_team` (`id_team`)
) ENGINE=InnoDB  DEFAULT CHARSET=latin1 AUTO_INCREMENT=322 ;

--
-- Dumping data for table `dom`
--

INSERT INTO `dom` (`id_dom`, `id_team`, `competition`, `extratime`, `date`, `score1`, `score2`, `status_tanding`, `time`) VALUES
(1, 2, 'FAC', 0, '2013-01-05', 2, 2, 1, '00:00:00'),
(2, 2, 'PRL', 0, '2013-01-13', 2, 1, 1, '00:00:00'),
(3, 2, 'PRL', 0, '2013-01-19', 2, 0, 1, '00:00:00'),
(4, 2, 'FAC', 0, '2013-01-26', 4, 1, 1, '00:00:00'),
(5, 2, 'PRL', 0, '2013-01-29', 0, 0, 1, '00:00:00'),
(6, 2, 'PRD', 0, '2013-02-03', 1, 1, 1, '00:00:00'),
(7, 2, 'PRL', 0, '2013-02-09', 3, 1, 1, '00:00:00'),
(8, 2, 'FAC', 0, '2013-02-17', 4, 0, 1, '00:00:00'),
(9, 2, 'PRL', 0, '2013-02-24', 2, 0, 1, '00:00:00'),
(10, 2, 'PRL', 0, '2013-03-04', 0, 1, 1, '00:00:00'),
(11, 2, 'PRD', 0, '2013-03-09', 2, 0, 1, '00:00:00'),
(12, 2, 'PRL', 0, '2013-03-16', 1, 0, 1, '00:00:00'),
(13, 2, 'PRL', 0, '2013-03-30', 0, 1, 1, '00:00:00'),
(14, 2, 'PRL', 0, '2013-04-08', 1, 2, 1, '00:00:00'),
(15, 2, 'PRL', 0, '2013-04-14', 0, 2, 1, '00:00:00'),
(16, 2, 'PRL', 0, '2013-04-17', 2, 2, 1, '00:00:00'),
(17, 2, 'PRL', 0, '2013-04-21', 3, 1, 1, '00:00:00'),
(18, 2, 'PRD', 0, '2013-04-27', 2, 2, 1, '00:00:00'),
(19, 2, 'PRL', 0, '2013-05-04', 0, 0, 1, '00:00:00'),
(20, 2, 'PRL', 0, '2013-05-07', 1, 0, 1, '00:00:00'),
(21, 2, 'FAC', 0, '2013-05-11', 0, 1, 1, '00:00:00'),
(22, 2, 'PRL', 0, '2013-05-14', 0, 2, 1, '00:00:00'),
(23, 2, 'PRL', 0, '2013-05-19', 5, 5, 1, '00:00:00'),
(24, 2, 'PRL', 0, '2013-08-19', 0, 0, 0, '21:00:00'),
(25, 2, 'PRL', 0, '2013-08-25', 0, 0, 0, '17:00:00'),
(26, 2, 'PRD', 0, '2013-08-31', 0, 0, 0, '00:00:00'),
(27, 2, 'PRL', 0, '2013-09-14', 0, 0, 0, '13:45:00'),
(28, 2, 'PRL', 0, '2013-09-22', 0, 0, 0, '17:00:00'),
(29, 2, 'PRL', 0, '2013-09-28', 0, 0, 0, '16:00:00'),
(30, 2, 'PRL', 0, '2013-10-05', 0, 0, 0, '18:30:00'),
(31, 2, 'PRL', 0, '2013-10-19', 0, 0, 0, '16:00:00'),
(32, 2, 'PRL', 0, '2013-10-27', 0, 0, 0, '14:30:00'),
(33, 2, 'PRL', 0, '2013-11-02', 0, 0, 0, '16:00:00'),
(34, 2, 'PRL', 0, '2013-11-10', 0, 0, 0, '17:10:00'),
(35, 2, 'PRL', 0, '2013-11-23', 0, 0, 0, '18:30:00'),
(36, 2, 'PRL', 0, '2013-11-30', 0, 0, 0, '13:45:00'),
(37, 2, 'PRL', 0, '2013-12-03', 0, 0, 0, '20:45:00'),
(38, 2, 'PRL', 0, '2013-12-07', 0, 0, 0, '16:00:00'),
(39, 2, 'PRL', 0, '2013-12-14', 0, 0, 0, '16:00:00'),
(40, 2, 'PRL', 0, '2013-12-21', 0, 0, 0, '16:00:00'),
(41, 2, 'PRL', 0, '2013-12-26', 0, 0, 0, '16:00:00'),
(42, 2, 'PRL', 0, '2013-12-28', 0, 0, 0, '16:00:00'),
(43, 2, 'PRL', 0, '2014-01-01', 0, 0, 0, '16:00:00'),
(44, 2, 'PRL', 0, '2014-01-11', 0, 0, 0, '16:00:00'),
(45, 2, 'PRL', 0, '2013-02-10', 2, 0, 1, '00:00:00'),
(46, 2, 'PRD', 0, '2013-02-16', 1, 2, 1, '00:00:00'),
(47, 2, 'LCU', 0, '2013-02-20', 2, 0, 1, '00:00:00'),
(48, 2, 'PRL', 0, '2013-02-23', 0, 2, 1, '00:00:00'),
(49, 2, 'CDR', 0, '2013-02-26', 1, 3, 1, '00:00:00'),
(50, 2, 'PRL', 0, '2013-03-02', 4, 0, 1, '00:00:00'),
(51, 2, 'LCU', 0, '2013-03-12', 4, 0, 1, '00:00:00'),
(52, 2, 'PRD', 0, '2013-03-17', 3, 1, 1, '00:00:00'),
(53, 2, 'LCU', 0, '2013-04-02', 2, 2, 1, '00:00:00'),
(54, 2, 'PRD', 0, '2013-04-06', 5, 0, 1, '00:00:00'),
(55, 2, 'LCU', 0, '2013-04-10', 1, 1, 1, '00:00:00'),
(56, 2, 'PRD', 0, '2013-04-20', 1, 0, 1, '00:00:00'),
(57, 2, 'LCU', 0, '2013-04-23', 4, 0, 1, '00:00:00'),
(58, 2, 'LCU', 0, '2013-05-01', 0, 3, 1, '00:00:00'),
(59, 2, 'PRL', 0, '2013-05-05', 0, 1, 1, '00:00:00'),
(60, 2, 'PRL', 0, '2013-05-12', 2, 1, 1, '00:00:00'),
(61, 2, 'PRD', 0, '2013-05-26', 0, 2, 1, '00:00:00'),
(62, 2, 'PRD', 0, '2013-06-01', 4, 1, 1, '00:00:00'),
(63, 2, 'PRL', 0, '2013-08-17', 0, 0, 0, '18:30:00'),
(64, 2, 'SUC', 0, '2013-08-21', 0, 0, 0, '19:00:00'),
(65, 2, 'PRD', 0, '2013-08-24', 0, 0, 0, '00:00:00'),
(66, 2, 'SUC', 0, '2013-08-28', 0, 0, 0, '23:00:00'),
(67, 2, 'PRD', 0, '2013-09-21', 0, 0, 0, '00:00:00'),
(68, 2, 'PRD', 0, '2013-09-24', 0, 0, 0, '00:00:00'),
(69, 2, 'PRL', 0, '2013-10-26', 0, 0, 0, '16:00:00'),
(70, 2, 'PRD', 0, '2013-10-29', 0, 0, 0, '00:00:00'),
(71, 2, 'PRL', 0, '2013-11-24', 0, 0, 0, '17:00:00'),
(72, 2, 'PRD', 0, '2013-12-01', 0, 0, 0, '00:00:00'),
(73, 2, 'PRD', 0, '2013-12-15', 0, 0, 0, '00:00:00'),
(74, 2, 'PRD', 0, '2013-12-22', 0, 0, 0, '00:00:00'),
(75, 2, 'PRD', 0, '2014-01-05', 0, 0, 0, '00:00:00'),
(76, 2, 'PRD', 0, '2014-01-12', 0, 0, 0, '00:00:00'),
(77, 2, 'PRD', 0, '2014-01-19', 0, 0, 0, '00:00:00'),
(78, 2, 'FAC', 0, '2013-01-16', 1, 0, 1, '00:00:00'),
(79, 2, 'PRL', 0, '2013-01-20', 1, 1, 1, '00:00:00'),
(80, 2, 'PRL', 0, '2013-01-30', 2, 1, 1, '00:00:00'),
(81, 2, 'PRL', 0, '2013-02-02', 0, 1, 1, '00:00:00'),
(82, 2, 'LCU', 0, '2013-02-13', 1, 1, 1, '00:00:00'),
(83, 2, 'FAC', 0, '2013-02-18', 2, 1, 1, '00:00:00'),
(84, 2, 'LCU', 0, '2013-03-05', 1, 2, 1, '00:00:00'),
(85, 2, 'FAC', 0, '2013-03-10', 2, 2, 1, '00:00:00'),
(86, 2, 'FAC', 0, '2013-04-01', 1, 0, 1, '00:00:00'),
(87, 2, 'PRL', 0, '2013-04-22', 3, 0, 1, '00:00:00'),
(88, 2, 'PRL', 0, '2013-04-28', 1, 1, 1, '00:00:00'),
(89, 2, 'COS', 0, '2013-08-11', 0, 0, 0, '15:00:00'),
(90, 2, 'PRL', 0, '2013-08-26', 0, 0, 0, '21:00:00'),
(91, 2, 'PRL', 0, '2013-09-01', 0, 0, 0, '14:30:00'),
(92, 4, 'FAC', 0, '2013-01-05', 3, 0, 1, '00:00:00'),
(93, 4, 'PRL', 0, '2013-01-13', 0, 2, 1, '00:00:00'),
(94, 4, 'PRL', 0, '2013-01-19', 2, 0, 1, '00:00:00'),
(95, 4, 'FAC', 0, '2013-01-26', 0, 1, 1, '00:00:00'),
(96, 4, 'PRL', 0, '2013-01-29', 0, 0, 1, '00:00:00'),
(97, 4, 'PRL', 0, '2013-02-03', 2, 2, 1, '00:00:00'),
(98, 4, 'PRL', 0, '2013-02-09', 3, 1, 1, '00:00:00'),
(99, 4, 'FAC', 0, '2013-02-17', 4, 0, 1, '00:00:00'),
(100, 4, 'PRL', 0, '2013-02-24', 2, 0, 1, '00:00:00'),
(101, 4, 'PRL', 0, '2013-03-04', 0, 1, 1, '00:00:00'),
(102, 4, 'FAC', 0, '2013-03-09', 5, 0, 1, '00:00:00'),
(103, 4, 'PRL', 0, '2013-03-16', 2, 0, 1, '00:00:00'),
(104, 4, 'PRL', 0, '2013-03-30', 4, 0, 1, '00:00:00'),
(105, 4, 'PRL', 0, '2013-04-08', 1, 2, 1, '00:00:00'),
(106, 4, 'FAC', 0, '2013-04-14', 1, 2, 1, '00:00:00'),
(107, 4, 'PRL', 0, '2013-04-17', 1, 0, 1, '00:00:00'),
(108, 4, 'PRL', 0, '2013-04-21', 3, 1, 1, '00:00:00'),
(109, 4, 'PRL', 0, '2013-04-27', 2, 1, 1, '00:00:00'),
(110, 4, 'PRL', 0, '2013-05-04', 0, 0, 1, '00:00:00'),
(111, 4, 'PRL', 0, '2013-05-07', 1, 0, 1, '00:00:00'),
(112, 4, 'FAC', 0, '2013-05-11', 0, 1, 1, '00:00:00'),
(113, 4, 'PRL', 0, '2013-05-14', 0, 2, 1, '00:00:00'),
(114, 4, 'PRL', 0, '2013-05-19', 2, 3, 1, '00:00:00'),
(115, 4, 'PRL', 0, '2013-08-19', 0, 0, 0, '21:00:00'),
(116, 4, 'PRL', 0, '2013-08-25', 0, 0, 0, '17:00:00'),
(117, 4, 'PRL', 0, '2013-08-31', 0, 0, 0, '13:45:00'),
(118, 4, 'PRL', 0, '2013-09-14', 0, 0, 0, '16:00:00'),
(119, 4, 'PRL', 0, '2013-09-22', 0, 0, 0, '17:00:00'),
(120, 4, 'PRL', 0, '2013-09-28', 0, 0, 0, '16:00:00'),
(121, 4, 'PRL', 0, '2013-10-05', 0, 0, 0, '13:45:00'),
(122, 4, 'PRL', 0, '2013-10-19', 0, 0, 0, '18:30:00'),
(123, 4, 'PRL', 0, '2013-10-27', 0, 0, 0, '14:30:00'),
(124, 4, 'PRL', 0, '2013-11-02', 0, 0, 0, '16:00:00'),
(125, 4, 'PRL', 0, '2013-11-10', 0, 0, 0, '15:05:00'),
(126, 4, 'PRL', 0, '2013-11-23', 0, 0, 0, '18:30:00'),
(127, 4, 'PRL', 0, '2013-11-30', 0, 0, 0, '16:00:00'),
(128, 4, 'PRL', 0, '2013-12-03', 0, 0, 0, '21:00:00'),
(129, 4, 'PRL', 0, '2013-12-07', 0, 0, 0, '16:00:00'),
(130, 4, 'PRL', 0, '2013-12-14', 0, 0, 0, '16:00:00'),
(131, 4, 'PRL', 0, '2013-12-21', 0, 0, 0, '16:00:00'),
(132, 4, 'PRL', 0, '2013-12-26', 0, 0, 0, '16:00:00'),
(133, 4, 'PRL', 0, '2013-12-28', 0, 0, 0, '16:00:00'),
(134, 4, 'PRL', 0, '2014-01-01', 0, 0, 0, '16:00:00'),
(135, 4, 'PRL', 0, '2014-01-11', 0, 0, 0, '16:00:00'),
(136, 5, 'FAC', 0, '2013-01-05', 2, 2, 1, '00:00:00'),
(137, 5, 'PRL', 0, '2013-01-13', 2, 1, 1, '00:00:00'),
(138, 5, 'FAC', 0, '2013-01-16', 1, 0, 1, '00:00:00'),
(139, 5, 'PRL', 0, '2013-01-20', 1, 1, 1, '00:00:00'),
(140, 5, 'FAC', 0, '2013-01-26', 4, 1, 1, '00:00:00'),
(141, 5, 'PRL', 0, '2013-01-30', 2, 1, 1, '00:00:00'),
(142, 5, 'PRL', 0, '2013-02-02', 0, 1, 1, '00:00:00'),
(143, 5, 'PRL', 0, '2013-02-10', 2, 0, 1, '00:00:00'),
(144, 5, 'LCU', 0, '2013-02-13', 1, 1, 1, '00:00:00'),
(145, 5, 'FAC', 0, '2013-02-18', 2, 1, 1, '00:00:00'),
(146, 5, 'PRL', 0, '2013-02-23', 0, 2, 1, '00:00:00'),
(147, 5, 'PRL', 0, '2013-03-02', 4, 0, 1, '00:00:00'),
(148, 5, 'LCU', 0, '2013-03-05', 1, 2, 1, '00:00:00'),
(149, 5, 'FAC', 0, '2013-03-10', 2, 2, 1, '00:00:00'),
(150, 5, 'PRL', 0, '2013-03-16', 1, 0, 1, '00:00:00'),
(151, 5, 'PRL', 0, '2013-03-30', 0, 1, 1, '00:00:00'),
(152, 5, 'FAC', 0, '2013-04-01', 1, 0, 1, '00:00:00'),
(153, 5, 'PRL', 0, '2013-04-08', 1, 2, 1, '00:00:00'),
(154, 5, 'PRL', 0, '2013-04-14', 0, 2, 1, '00:00:00'),
(155, 5, 'PRL', 0, '2013-04-17', 2, 2, 1, '00:00:00'),
(156, 5, 'PRL', 0, '2013-04-22', 3, 0, 1, '00:00:00'),
(157, 5, 'PRL', 0, '2013-04-28', 1, 1, 1, '00:00:00'),
(158, 5, 'PRL', 0, '2013-05-05', 0, 1, 1, '00:00:00'),
(159, 5, 'PRL', 0, '2013-05-12', 2, 1, 1, '00:00:00'),
(160, 5, 'PRL', 0, '2013-05-19', 5, 5, 1, '00:00:00'),
(161, 5, 'COS', 0, '2013-08-11', 0, 0, 0, '15:00:00'),
(162, 5, 'PRL', 0, '2013-08-17', 0, 0, 0, '18:30:00'),
(163, 5, 'PRL', 0, '2013-08-26', 0, 0, 0, '21:00:00'),
(164, 5, 'PRL', 0, '2013-09-01', 0, 0, 0, '14:30:00'),
(165, 5, 'PRL', 0, '2013-09-14', 0, 0, 0, '13:45:00'),
(166, 5, 'PRL', 0, '2013-09-22', 0, 0, 0, '17:00:00'),
(167, 5, 'PRL', 0, '2013-09-28', 0, 0, 0, '16:00:00'),
(168, 5, 'PRL', 0, '2013-10-05', 0, 0, 0, '18:30:00'),
(169, 5, 'PRL', 0, '2013-10-19', 0, 0, 0, '16:00:00'),
(170, 5, 'PRL', 0, '2013-10-26', 0, 0, 0, '16:00:00'),
(171, 5, 'PRL', 0, '2013-11-02', 0, 0, 0, '16:00:00'),
(172, 5, 'PRL', 0, '2013-11-10', 0, 0, 0, '17:10:00'),
(173, 5, 'PRL', 0, '2013-11-24', 0, 0, 0, '17:00:00'),
(174, 5, 'PRL', 0, '2013-11-30', 0, 0, 0, '13:45:00'),
(175, 5, 'PRL', 0, '2013-12-03', 0, 0, 0, '20:45:00'),
(176, 5, 'PRL', 0, '2013-12-07', 0, 0, 0, '16:00:00'),
(177, 5, 'PRL', 0, '2013-12-14', 0, 0, 0, '16:00:00'),
(178, 5, 'PRL', 0, '2013-12-21', 0, 0, 0, '16:00:00'),
(179, 5, 'PRL', 0, '2013-12-26', 0, 0, 0, '16:00:00'),
(180, 5, 'PRL', 0, '2013-12-28', 0, 0, 0, '16:00:00'),
(181, 3, 'PRD', 0, '2013-02-03', 1, 1, 1, '00:00:00'),
(182, 3, 'PRD', 0, '2013-02-10', 6, 1, 1, '00:00:00'),
(183, 3, 'PRD', 0, '2013-02-16', 1, 2, 1, '00:00:00'),
(184, 3, 'LCU', 0, '2013-02-20', 2, 0, 1, '00:00:00'),
(185, 3, 'PRD', 0, '2013-02-23', 2, 1, 1, '00:00:00'),
(186, 3, 'CDR', 0, '2013-02-26', 1, 3, 1, '00:00:00'),
(187, 3, 'PRD', 0, '2013-03-02', 2, 1, 1, '00:00:00'),
(188, 3, 'PRD', 0, '2013-03-09', 2, 0, 1, '00:00:00'),
(189, 3, 'LCU', 0, '2013-03-12', 4, 0, 1, '00:00:00'),
(190, 3, 'PRD', 0, '2013-03-17', 3, 1, 1, '00:00:00'),
(191, 3, 'PRD', 0, '2013-03-30', 2, 2, 1, '00:00:00'),
(192, 3, 'LCU', 0, '2013-04-02', 2, 2, 1, '00:00:00'),
(193, 3, 'PRD', 0, '2013-04-06', 5, 0, 1, '00:00:00'),
(194, 3, 'LCU', 0, '2013-04-10', 1, 1, 1, '00:00:00'),
(195, 3, 'PRD', 0, '2013-04-14', 0, 3, 1, '00:00:00'),
(196, 3, 'PRD', 0, '2013-04-20', 1, 0, 1, '00:00:00'),
(197, 3, 'LCU', 0, '2013-04-23', 4, 0, 1, '00:00:00'),
(198, 3, 'PRD', 0, '2013-04-27', 2, 2, 1, '00:00:00'),
(199, 3, 'LCU', 0, '2013-05-01', 0, 3, 1, '00:00:00'),
(200, 3, 'PRD', 0, '2013-05-05', 4, 2, 1, '00:00:00'),
(201, 3, 'PRD', 0, '2013-05-12', 1, 2, 1, '00:00:00'),
(202, 3, 'PRD', 0, '2013-05-19', 2, 1, 1, '00:00:00'),
(203, 3, 'PRD', 0, '2013-05-26', 0, 2, 1, '00:00:00'),
(204, 3, 'PRD', 0, '2013-06-01', 4, 1, 1, '00:00:00'),
(205, 3, 'PRD', 0, '2013-08-17', 0, 0, 0, '00:00:00'),
(206, 3, 'SUC', 0, '2013-08-21', 0, 0, 0, '19:00:00'),
(207, 3, 'PRD', 0, '2013-08-24', 0, 0, 0, '00:00:00'),
(208, 3, 'SUC', 0, '2013-08-28', 0, 0, 0, '23:00:00'),
(209, 3, 'PRD', 0, '2013-08-31', 0, 0, 0, '00:00:00'),
(210, 3, 'PRD', 0, '2013-09-14', 0, 0, 0, '00:00:00'),
(211, 3, 'PRD', 0, '2013-09-21', 0, 0, 0, '00:00:00'),
(212, 3, 'PRD', 0, '2013-09-24', 0, 0, 0, '00:00:00'),
(213, 3, 'PRD', 0, '2013-09-28', 0, 0, 0, '00:00:00'),
(214, 3, 'PRD', 0, '2013-10-05', 0, 0, 0, '00:00:00'),
(215, 3, 'PRD', 0, '2013-10-19', 0, 0, 0, '00:00:00'),
(216, 3, 'PRD', 0, '2013-10-26', 0, 0, 0, '00:00:00'),
(217, 3, 'PRD', 0, '2013-10-29', 0, 0, 0, '00:00:00'),
(218, 3, 'PRD', 0, '2013-11-02', 0, 0, 0, '00:00:00'),
(219, 3, 'PRD', 0, '2013-11-10', 0, 0, 0, '00:00:00'),
(220, 3, 'PRD', 0, '2013-11-24', 0, 0, 0, '00:00:00'),
(221, 3, 'PRD', 0, '2013-12-01', 0, 0, 0, '00:00:00'),
(222, 3, 'PRD', 0, '2013-12-15', 0, 0, 0, '00:00:00'),
(223, 3, 'PRD', 0, '2013-12-22', 0, 0, 0, '00:00:00'),
(224, 3, 'PRD', 0, '2014-01-05', 0, 0, 0, '00:00:00'),
(225, 3, 'PRD', 0, '2014-01-12', 0, 0, 0, '00:00:00'),
(226, 3, 'PRD', 0, '2014-01-19', 0, 0, 0, '00:00:00'),
(227, 6, 'PRL', 0, '2013-01-01', 1, 1, 1, '00:00:00'),
(228, 6, 'FAC', 0, '2013-01-06', 2, 2, 1, '00:00:00'),
(229, 6, 'PRL', 0, '2013-01-13', 0, 2, 1, '00:00:00'),
(230, 6, 'FAC', 0, '2013-01-16', 1, 0, 1, '00:00:00'),
(231, 6, 'PRL', 0, '2013-01-20', 2, 1, 1, '00:00:00'),
(232, 6, 'PRL', 0, '2013-01-23', 5, 1, 1, '00:00:00'),
(233, 6, 'FAC', 0, '2013-01-26', 2, 3, 1, '00:00:00'),
(234, 6, 'PRL', 0, '2013-01-30', 2, 2, 1, '00:00:00'),
(235, 6, 'PRL', 0, '2013-02-02', 1, 0, 1, '00:00:00'),
(236, 6, 'PRL', 0, '2013-02-09', 0, 1, 1, '00:00:00'),
(237, 6, 'FAC', 0, '2013-02-16', 0, 1, 1, '00:00:00'),
(238, 6, 'LCU', 0, '2013-02-19', 1, 3, 1, '00:00:00'),
(239, 6, 'PRL', 0, '2013-02-23', 2, 1, 1, '00:00:00'),
(240, 6, 'PRL', 0, '2013-03-03', 2, 1, 1, '00:00:00'),
(241, 6, 'LCU', 0, '2013-03-13', 0, 2, 1, '00:00:00'),
(242, 6, 'PRL', 0, '2013-03-16', 0, 2, 1, '00:00:00'),
(243, 6, 'PRL', 0, '2013-03-30', 4, 1, 1, '00:00:00'),
(244, 6, 'PRL', 0, '2013-04-06', 1, 2, 1, '00:00:00'),
(245, 6, 'PRL', 0, '2013-04-13', 3, 1, 1, '00:00:00'),
(246, 6, 'PRL', 0, '2013-04-16', 0, 0, 1, '00:00:00'),
(247, 6, 'PRL', 0, '2013-04-20', 0, 1, 1, '00:00:00'),
(248, 6, 'PRL', 0, '2013-04-28', 1, 1, 1, '00:00:00'),
(249, 6, 'PRL', 0, '2013-05-04', 0, 1, 1, '00:00:00'),
(250, 6, 'PRL', 0, '2013-05-14', 4, 1, 1, '00:00:00'),
(251, 6, 'PRL', 0, '2013-05-19', 0, 1, 1, '00:00:00'),
(252, 6, 'PRL', 0, '2013-08-17', 0, 0, 0, '16:00:00'),
(253, 6, 'PRL', 0, '2013-08-24', 0, 0, 0, '13:45:00'),
(254, 6, 'PRL', 0, '2013-09-01', 0, 0, 0, '14:30:00'),
(255, 6, 'PRL', 0, '2013-09-14', 0, 0, 0, '16:00:00'),
(256, 6, 'PRL', 0, '2013-09-22', 0, 0, 0, '14:30:00'),
(257, 6, 'PRL', 0, '2013-09-28', 0, 0, 0, '18:30:00'),
(258, 6, 'PRL', 0, '2013-10-06', 0, 0, 0, '17:00:00'),
(259, 6, 'PRL', 0, '2013-10-19', 0, 0, 0, '16:00:00'),
(260, 6, 'PRL', 0, '2013-10-26', 0, 0, 0, '13:45:00'),
(261, 6, 'PRL', 0, '2013-11-02', 0, 0, 0, '18:30:00'),
(262, 6, 'PRL', 0, '2013-11-10', 0, 0, 0, '17:10:00'),
(263, 6, 'PRL', 0, '2013-11-23', 0, 0, 0, '16:00:00'),
(264, 6, 'PRL', 0, '2013-11-30', 0, 0, 0, '16:00:00'),
(265, 6, 'PRL', 0, '2013-12-04', 0, 0, 0, '20:45:00'),
(266, 6, 'PRL', 0, '2013-12-07', 0, 0, 0, '16:00:00'),
(267, 6, 'PRL', 0, '2013-12-14', 0, 0, 0, '16:00:00'),
(268, 6, 'PRL', 0, '2013-12-21', 0, 0, 0, '16:00:00'),
(269, 6, 'PRL', 0, '2013-12-26', 0, 0, 0, '16:00:00'),
(270, 6, 'PRL', 0, '2013-12-28', 0, 0, 0, '16:00:00'),
(271, 6, 'PRL', 0, '2014-01-01', 0, 0, 0, '16:00:00'),
(272, 7, 'SEA', 0, '2012-09-22', 2, 0, 1, '00:00:00'),
(273, 7, 'SEA', 0, '2012-09-25', 0, 0, 1, '00:00:00'),
(274, 7, 'SEA', 0, '2012-09-29', 4, 1, 1, '00:00:00'),
(275, 7, 'LCU', 0, '2012-10-02', 1, 1, 1, '00:00:00'),
(276, 7, 'SEA', 0, '2012-10-07', 1, 2, 1, '00:00:00'),
(277, 7, 'SEA', 0, '2012-10-20', 2, 0, 1, '00:00:00'),
(278, 7, 'LCU', 0, '2012-10-23', 1, 1, 1, '00:00:00'),
(279, 7, 'SEA', 0, '2012-10-28', 0, 1, 1, '00:00:00'),
(280, 7, 'SEA', 0, '2012-10-31', 2, 1, 1, '00:00:00'),
(281, 7, 'SEA', 0, '2012-11-03', 1, 3, 1, '00:00:00'),
(282, 7, 'LCU', 0, '2012-11-07', 4, 0, 1, '00:00:00'),
(283, 7, 'SEA', 0, '2012-11-10', 1, 6, 1, '00:00:00'),
(284, 7, 'SEA', 0, '2012-11-17', 0, 0, 1, '00:00:00'),
(285, 7, 'LCU', 0, '2012-11-20', 3, 0, 1, '00:00:00'),
(286, 7, 'SEA', 0, '2012-11-25', 1, 0, 1, '00:00:00'),
(287, 7, 'SEA', 0, '2012-12-01', 3, 0, 1, '00:00:00'),
(288, 7, 'LCU', 0, '2012-12-05', 0, 1, 1, '00:00:00'),
(289, 7, 'SEA', 0, '2012-12-09', 0, 1, 1, '00:00:00'),
(290, 7, 'COI', 0, '2012-12-12', 1, 0, 1, '00:00:00'),
(291, 7, 'SEA', 0, '2012-12-16', 3, 0, 1, '00:00:00'),
(292, 7, 'SEA', 0, '2012-12-21', 1, 3, 1, '00:00:00'),
(293, 7, 'SEA', 0, '2013-01-06', 1, 2, 1, '00:00:00'),
(294, 7, 'COI', 1, '2013-01-09', 2, 1, 1, '00:00:00'),
(295, 7, 'SEA', 0, '2013-01-13', 1, 1, 1, '00:00:00'),
(296, 7, 'SEA', 0, '2013-01-19', 4, 0, 1, '00:00:00'),
(297, 7, 'COI', 0, '2013-01-22', 1, 1, 1, '00:00:00'),
(298, 7, 'SEA', 0, '2013-01-26', 1, 1, 1, '00:00:00'),
(299, 7, 'COI', 0, '2013-01-29', 2, 1, 1, '00:00:00'),
(300, 7, 'SEA', 0, '2013-02-03', 1, 2, 1, '00:00:00'),
(301, 7, 'SEA', 0, '2013-02-09', 2, 0, 1, '00:00:00'),
(302, 7, 'LCU', 0, '2013-02-12', 0, 3, 1, '00:00:00'),
(303, 7, 'SEA', 0, '2013-02-16', 1, 0, 1, '00:00:00'),
(304, 7, 'SEA', 0, '2013-02-24', 3, 0, 1, '00:00:00'),
(305, 7, 'SEA', 0, '2013-03-01', 1, 1, 1, '00:00:00'),
(306, 7, 'LCU', 0, '2013-03-06', 2, 0, 1, '00:00:00'),
(307, 7, 'SEA', 0, '2013-03-10', 1, 0, 1, '00:00:00'),
(308, 7, 'SEA', 0, '2013-03-16', 0, 2, 1, '00:00:00'),
(309, 7, 'SEA', 0, '2013-03-30', 1, 2, 1, '00:00:00'),
(310, 7, 'LCU', 0, '2013-04-02', 2, 0, 1, '00:00:00'),
(311, 7, 'SEA', 0, '2013-04-06', 2, 1, 1, '00:00:00'),
(312, 7, 'LCU', 0, '2013-04-10', 0, 2, 1, '00:00:00'),
(313, 7, 'SEA', 0, '2013-04-15', 0, 2, 1, '00:00:00'),
(314, 7, 'SEA', 0, '2013-04-21', 1, 0, 1, '00:00:00'),
(315, 7, 'SEA', 0, '2013-04-28', 0, 2, 1, '00:00:00'),
(316, 7, 'SEA', 0, '2013-05-05', 1, 0, 1, '00:00:00'),
(317, 7, 'SEA', 0, '2013-05-08', 0, 1, 1, '00:00:00'),
(318, 7, 'SEA', 0, '2013-05-11', 1, 1, 1, '00:00:00'),
(319, 7, 'SEA', 0, '2013-05-18', 3, 2, 1, '00:00:00'),
(320, 7, 'ICC', 0, '2013-08-01', 0, 0, 0, '05:00:00'),
(321, 7, 'SUC', 0, '2013-08-10', 0, 0, 0, '20:00:00');

-- --------------------------------------------------------

--
-- Table structure for table `negara`
--

CREATE TABLE IF NOT EXISTS `negara` (
  `id_negara` int(10) NOT NULL AUTO_INCREMENT,
  `negara` tinytext,
  PRIMARY KEY (`id_negara`)
) ENGINE=InnoDB  DEFAULT CHARSET=latin1 AUTO_INCREMENT=5 ;

--
-- Dumping data for table `negara`
--

INSERT INTO `negara` (`id_negara`, `negara`) VALUES
(1, 'Italy'),
(2, 'England'),
(3, 'Spanyol');

-- --------------------------------------------------------

--
-- Table structure for table `team`
--

CREATE TABLE IF NOT EXISTS `team` (
  `id_team` int(4) NOT NULL AUTO_INCREMENT,
  `id_negara` int(4) DEFAULT NULL,
  `team` tinytext,
  `link` text,
  PRIMARY KEY (`id_team`),
  KEY `id_negara` (`id_negara`)
) ENGINE=InnoDB  DEFAULT CHARSET=latin1 AUTO_INCREMENT=8 ;

--
-- Dumping data for table `team`
--

INSERT INTO `team` (`id_team`, `id_negara`, `team`, `link`) VALUES
(3, 3, 'Barcelona', 'http://id.soccerway.com/teams/spain/futbol-club-barcelona/2017/matches/'),
(4, 2, 'Manchester City', 'http://id.soccerway.com/teams/england/manchester-city-football-club/676/matches/'),
(5, 2, 'Manchester Uniter', 'http://id.soccerway.com/teams/england/manchester-united-fc/662/matches/'),
(6, 2, 'Arsenal', 'http://id.soccerway.com/teams/england/arsenal-fc/660/matches/'),
(7, 1, 'Juventus', 'http://id.soccerway.com/teams/italy/juventus-fc/1242/matches/');

-- --------------------------------------------------------

--
-- Table structure for table `user`
--

CREATE TABLE IF NOT EXISTS `user` (
  `id_user` int(11) NOT NULL AUTO_INCREMENT,
  `username` tinytext,
  `password` tinytext,
  PRIMARY KEY (`id_user`)
) ENGINE=InnoDB  DEFAULT CHARSET=latin1 AUTO_INCREMENT=4 ;

--
-- Dumping data for table `user`
--

INSERT INTO `user` (`id_user`, `username`, `password`) VALUES
(1, 'andre', '5c6eb33c0b5d91d5bfec9106022dd1f1'),
(2, 'iwak', 'a91b26f0935afd36e82a8745016f031e'),
(3, 'hakz', 'cd53c51c24c357f51f54dd291695409f');

/*!40101 SET CHARACTER_SET_CLIENT=@OLD_CHARACTER_SET_CLIENT */;
/*!40101 SET CHARACTER_SET_RESULTS=@OLD_CHARACTER_SET_RESULTS */;
/*!40101 SET COLLATION_CONNECTION=@OLD_COLLATION_CONNECTION */;
